[
	{
		"entryName" : "dustSignalum",
		"modIdPriorityList" :
		[
			"minecraft",
			"thermalfoundation",
			"substratum",
			"ic2",
			"mekanism",
			"immersiveengineering",
			"techreborn"
		]
	},
	{
		"entryName" : "dustLumium",
		"modIdPriorityList" :
		[
			"minecraft",
			"thermalfoundation",
			"substratum",
			"ic2",
			"mekanism",
			"immersiveengineering",
			"techreborn"
		]
	},
	{
		"entryName" : "dustEnderium",
		"modIdPriorityList" :
		[
			"minecraft",
			"thermalfoundation",
			"substratum",
			"ic2",
			"mekanism",
			"immersiveengineering",
			"techreborn"
		]
	},
		{
		"entryName" : "dustSapphire",
		"modIdPriorityList" :
		[
			"minecraft",
			"practicallogistics2",
			"thermalfoundation",
			"substratum",
			"ic2",
			"mekanism",
			"immersiveengineering",
			"techreborn"
		]
	}
]
]