{
	"dimensions":[
		{
			"dimension":"-1",
			"__comment":"dimension 0 for overworld, -1 for the nether, 1 for the end, other numbers for dimensions added by other mods, and + for any dimension not already described by this file.",
			"ores":[
				{
					"blockID":"nethermetals:nether_coal_ore",
					"size":12,
					"variation":12,
					"frequency":12,
					"minHeight":0,
					"maxHeight":128
				},
				{
					"blockID":"nethermetals:nether_diamond_ore",
					"size":4,
					"variation":4,
					"frequency":4,
					"minHeight":0,
					"maxHeight":128
				},
				{
					"blockID":"nethermetals:nether_emerald_ore",
					"size":2,
					"variation":4,
					"frequency":2,
					"minHeight":0,
					"maxHeight":128
				},
				{
					"blockID":"nethermetals:nether_gold_ore",
					"size":6,
					"variation":6,
					"frequency":6,
					"minHeight":0,
					"maxHeight":128
				},
				{
					"blockID":"nethermetals:nether_iron_ore",
					"size":12,
					"variation":12,
					"frequency":12,
					"minHeight":0,
					"maxHeight":128
				},
				{
					"blockID":"nethermetals:nether_lapis_ore",
					"size":4,
					"variation":4,
					"frequency":4,
					"minHeight":0,
					"maxHeight":128
				},
				{
					"blockID":"nethermetals:redstone_ore",
					"size":6,
					"variation":6,
					"frequency":6,
					"minHeight":0,
					"maxHeight":128
				}
			]
		}
	]
}
