{
	"dependencies": "nuclearcraft",

	"populate": {
		"thorium": {
			"distribution": "uniform",
			"generator": {
				"block": {
					"name": "nuclearcraft:ore",
					"metadata": 3
				},
				"material": "stone",
				"cluster-size": 8
			},
			"cluster-count": 4,
			"min-height": 0,
			"max-height": 32,
			"retrogen": "true",
			"biome": "all",
			"dimension": {
				"restriction": "blacklist",
				"value": [
					-1,
					1
				]
			}
		},
		"uranium": {
			"distribution": "uniform",
			"generator": {
				"block": {
					"name": "nuclearcraft:ore",
					"metadata": 4
				},
				"material": "stone",
				"cluster-size": 8
			},
			"cluster-count": 4,
			"min-height": 0,
			"max-height": 32,
			"retrogen": "true",
			"biome": "all",
			"dimension": {
				"restriction": "blacklist",
				"value": [
					-1,
					1
				]
			}
		},
		"boron": {
			"distribution": "uniform",
			"generator": {
				"block": {
					"name": "nuclearcraft:ore",
					"metadata": 5
				},
				"material": "stone",
				"cluster-size": 8
			},
			"cluster-count": 8,
			"min-height": 0,
			"max-height": 32,
			"retrogen": "true",
			"biome": "all",
			"dimension": {
				"restriction": "blacklist",
				"value": [
					-1,
					1
				]
			}
		},
		"lithium": {
			"distribution": "uniform",
			"generator": {
				"block": {
					"name": "nuclearcraft:ore",
					"metadata": 6
				},
				"material": "stone",
				"cluster-size": 8
			},
			"cluster-count": 6,
			"min-height": 0,
			"max-height": 32,
			"retrogen": "true",
			"biome": "all",
			"dimension": {
				"restriction": "blacklist",
				"value": [
					-1,
					1
				]
			}
		},
		"magnesium": {
			"distribution": "uniform",
			"generator": {
				"block": {
					"name": "nuclearcraft:ore",
					"metadata": 7
				},
				"material": "stone",
				"cluster-size": 8
			},
			"cluster-count": 6,
			"min-height": 0,
			"max-height": 32,
			"retrogen": "true",
			"biome": "all",
			"dimension": {
				"restriction": "blacklist",
				"value": [
					-1,
					1
				]
			}
		}
	}
}
